,Deciles,pred_spend,totalspend
0,9,848.1105116283451,858.2832453333331
1,8,626.6910414558142,725.3994800000004
2,7,537.95936443955,598.9265493333335
3,6,468.53908619922055,515.6966
4,5,416.6954510969724,513.2096319999999
5,4,373.45228202023094,448.10353333333325
6,3,336.59892150887447,370.21925066666654
7,2,305.6051648037988,358.4447333333331
8,1,274.628132583319,332.3832026666669
9,0,227.0593731754473,274.6999040000002
