,Deciles,pred_spend,totalspend
0,9,846.373161260916,930.7578297142852
1,8,615.2511030357393,695.3445268571431
2,7,519.624426211263,573.1451702857144
3,6,454.951279417549,534.2097634285711
4,5,404.9816894920282,454.47907885714335
5,4,364.97668816637463,415.2280788571426
6,3,331.5519473811696,385.31800799999985
7,2,301.3498355040561,340.59828
8,1,270.20686754048904,319.10605142857133
9,0,221.47500922675897,260.0175279999999
